{"cameraMode":{"drawMode":0,"name":"Shaded","section":"Shading Mode"},"sceneLighting":false,"audioPlay":false,"sceneViewState":{"m_AlwaysRefresh":true,"showFog":true,"showSkybox":false,"showFlares":true,"showImageEffects":true,"showParticleSystems":true,"showVisualEffectGraphs":true,"m_FxEnabled":true},"in2DMode":false,"pivot":{"x":121.35142517089844,"y":43.747032165527347,"z":140.5201873779297},"rotation":{"x":-0.17623919248580934,"y":0.25503218173980715,"z":-0.05911838263273239,"w":-0.9505994915962219},"size":25.333316802978517,"orthographic":false}