{"cameraMode":{"drawMode":0,"name":"Shaded","section":"Shading Mode"},"sceneLighting":true,"audioPlay":false,"sceneViewState":{"m_AlwaysRefresh":false,"showFog":true,"showSkybox":true,"showFlares":true,"showImageEffects":true,"showParticleSystems":true,"showVisualEffectGraphs":true,"m_FxEnabled":true},"in2DMode":false,"pivot":{"x":15.284666061401368,"y":5.044604301452637,"z":-4.94187068939209},"rotation":{"x":-0.000483308220282197,"y":0.9989411234855652,"z":-0.022816980257630349,"w":-0.04586967080831528},"size":17.40938377380371,"orthographic":false}