{"cameraMode":{"drawMode":0,"name":"Shaded","section":"Shading Mode"},"sceneLighting":true,"audioPlay":false,"sceneViewState":{"m_AlwaysRefresh":false,"showFog":true,"showSkybox":true,"showFlares":true,"showImageEffects":true,"showParticleSystems":true,"showVisualEffectGraphs":true,"m_FxEnabled":true},"in2DMode":false,"pivot":{"x":0.0011685490608215333,"y":0.8274012804031372,"z":0.057810068130493167},"rotation":{"x":0.04051458463072777,"y":-0.09460428357124329,"z":0.005015810485929251,"w":0.9948999285697937},"size":1.5179792642593384,"orthographic":false}