{"cameraMode":{"drawMode":0,"name":"Shaded","section":"Shading Mode"},"sceneLighting":true,"audioPlay":false,"sceneViewState":{"m_AlwaysRefresh":false,"showFog":true,"showSkybox":true,"showFlares":true,"showImageEffects":true,"showParticleSystems":true,"showVisualEffectGraphs":true,"m_FxEnabled":true},"in2DMode":false,"pivot":{"x":-2.6039392948150636,"y":2.9036660194396974,"z":4.845482349395752},"rotation":{"x":-0.005244771018624306,"y":0.9935365319252014,"z":-0.04802250489592552,"w":-0.10551197826862335},"size":10.943156242370606,"orthographic":false}