{"cameraMode":{"drawMode":0,"name":"Shaded","section":"Shading Mode"},"sceneLighting":true,"audioPlay":false,"sceneViewState":{"m_AlwaysRefresh":true,"showFog":true,"showSkybox":false,"showFlares":true,"showImageEffects":true,"showParticleSystems":true,"showVisualEffectGraphs":true,"m_FxEnabled":true},"in2DMode":false,"pivot":{"x":-1.7944235801696778,"y":1.5630595684051514,"z":3.6121859550476076},"rotation":{"x":0.12480875849723816,"y":-0.08268988877534867,"z":0.02179853804409504,"w":0.9901467561721802},"size":5.581990718841553,"orthographic":false}