{"cameraMode":{"drawMode":0,"name":"Shaded","section":"Shading Mode"},"sceneLighting":false,"audioPlay":false,"sceneViewState":{"m_AlwaysRefresh":true,"showFog":true,"showSkybox":false,"showFlares":true,"showImageEffects":true,"showParticleSystems":true,"showVisualEffectGraphs":true,"m_FxEnabled":true},"in2DMode":false,"pivot":{"x":15.511720657348633,"y":39.61537170410156,"z":-34.43687438964844},"rotation":{"x":0.046461090445518497,"y":0.9589757323265076,"z":-0.18261513113975526,"w":0.21642789244651795},"size":1.3056533336639405,"orthographic":false}