{"cameraMode":{"drawMode":0,"name":"Shaded","section":"Shading Mode"},"sceneLighting":false,"audioPlay":false,"sceneViewState":{"m_AlwaysRefresh":false,"showFog":true,"showSkybox":false,"showFlares":true,"showImageEffects":true,"showParticleSystems":true,"showVisualEffectGraphs":true,"m_FxEnabled":true},"in2DMode":false,"pivot":{"x":3.016843795776367,"y":7.624258518218994,"z":-0.01789700984954834},"rotation":{"x":0.000637311371974647,"y":0.9875810146331787,"z":-0.1586780548095703,"w":-0.0010231974301859737},"size":1.4462987184524537,"orthographic":false}