{"cameraMode":{"drawMode":0,"name":"Shaded","section":"Shading Mode"},"sceneLighting":false,"audioPlay":false,"sceneViewState":{"m_AlwaysRefresh":false,"showFog":true,"showSkybox":false,"showFlares":true,"showImageEffects":true,"showParticleSystems":true,"showVisualEffectGraphs":true,"m_FxEnabled":true},"in2DMode":false,"pivot":{"x":1.7410000562667847,"y":-0.5630000233650208,"z":2.8399999141693117},"rotation":{"x":0.13312280178070069,"y":-0.06532242149114609,"z":0.010506335645914078,"w":0.9897634387016296},"size":0.027258558198809625,"orthographic":false}