{"cameraMode":{"drawMode":0,"name":"Shaded","section":"Shading Mode"},"sceneLighting":true,"audioPlay":false,"sceneViewState":{"m_AlwaysRefresh":true,"showFog":true,"showSkybox":true,"showFlares":true,"showImageEffects":true,"showParticleSystems":true,"showVisualEffectGraphs":true,"m_FxEnabled":true},"in2DMode":false,"pivot":{"x":2229.015380859375,"y":24.852685928344728,"z":983.689697265625},"rotation":{"x":0.011273959651589394,"y":0.9732756018638611,"z":-0.049043431878089908,"w":-0.23218975961208344},"size":43.33945846557617,"orthographic":false}