{"cameraMode":{"drawMode":0,"name":"Shaded","section":"Shading Mode"},"sceneLighting":true,"audioPlay":true,"sceneViewState":{"m_AlwaysRefresh":false,"showFog":true,"showSkybox":true,"showFlares":true,"showImageEffects":true,"showParticleSystems":true,"showVisualEffectGraphs":true,"m_FxEnabled":true},"in2DMode":false,"pivot":{"x":98.59672546386719,"y":55.71742248535156,"z":125.30018615722656},"rotation":{"x":-0.14676761627197267,"y":0.013379734009504319,"z":-0.0019878195598721506,"w":-0.9891107678413391},"size":15.46467113494873,"orthographic":false}