{"cameraMode":{"drawMode":0,"name":"Shaded","section":"Shading Mode"},"sceneLighting":true,"audioPlay":false,"sceneViewState":{"m_AlwaysRefresh":true,"showFog":true,"showSkybox":true,"showFlares":true,"showImageEffects":true,"showParticleSystems":true,"showVisualEffectGraphs":true,"m_FxEnabled":true},"in2DMode":false,"pivot":{"x":598.6347045898438,"y":153.33578491210938,"z":596.8687744140625},"rotation":{"x":0.06204824522137642,"y":0.40970367193222048,"z":-0.020100226625800134,"w":0.9110180139541626},"size":210.8946533203125,"orthographic":false}