{"cameraMode":{"drawMode":0,"name":"Shaded","section":"Shading Mode"},"sceneLighting":true,"audioPlay":false,"sceneViewState":{"m_AlwaysRefresh":true,"showFog":true,"showSkybox":true,"showFlares":true,"showImageEffects":true,"showParticleSystems":true,"showVisualEffectGraphs":true,"m_FxEnabled":true},"in2DMode":false,"pivot":{"x":1797.727294921875,"y":58.93861389160156,"z":2505.39404296875},"rotation":{"x":0.6793145537376404,"y":0.011207072995603085,"z":0.020038088783621789,"w":0.735867977142334},"size":102.43302154541016,"orthographic":false}