{"cameraMode":{"drawMode":0,"name":"Shaded","section":"Shading Mode"},"sceneLighting":true,"audioPlay":false,"sceneViewState":{"m_AlwaysRefresh":true,"showFog":true,"showSkybox":true,"showFlares":true,"showImageEffects":true,"showParticleSystems":true,"showVisualEffectGraphs":true,"m_FxEnabled":true},"in2DMode":false,"pivot":{"x":1372.2845458984375,"y":54.529422760009769,"z":1481.4197998046875},"rotation":{"x":-0.22592999041080476,"y":-0.7176111340522766,"z":0.2356889545917511,"w":-0.6181093454360962},"size":65.81153106689453,"orthographic":false}