{"cameraMode":{"drawMode":0,"name":"Shaded","section":"Shading Mode"},"sceneLighting":true,"audioPlay":false,"sceneViewState":{"m_AlwaysRefresh":false,"showFog":true,"showSkybox":true,"showFlares":true,"showImageEffects":true,"showParticleSystems":true,"showVisualEffectGraphs":true,"m_FxEnabled":true},"in2DMode":false,"pivot":{"x":103.29486083984375,"y":42.16459655761719,"z":109.47750854492188},"rotation":{"x":-0.028250496834516527,"y":0.6069579720497131,"z":-0.02039211615920067,"w":-0.7949333786964417},"size":7.305791854858398,"orthographic":false}