{"cameraMode":{"drawMode":0,"name":"Shaded","section":"Shading Mode"},"sceneLighting":true,"audioPlay":false,"sceneViewState":{"m_AlwaysRefresh":false,"showFog":true,"showSkybox":true,"showFlares":true,"showImageEffects":true,"showParticleSystems":true,"showVisualEffectGraphs":true,"m_FxEnabled":true},"in2DMode":false,"pivot":{"x":-32.07477951049805,"y":6.920780181884766,"z":30.386287689208986},"rotation":{"x":-0.2941373288631439,"y":0.0028904590290039779,"z":-0.0009865721222013236,"w":-0.955936074256897},"size":49.42949676513672,"orthographic":false}